10,szczepionki dla ofiar owczej grypy w Kongo,45500,45500,kamilboksa@cc.comstudent@cc.com
11,spagetti chicken alfredo,45500,45500,kamilboksa@cc.comstudent@cc.com
12,worek Pyr,2500,2500,kamilboksa@cc.comstudent@cc.com
13,płyta braci Pierdolec,45500,45500,kamilboksa@cc.comstudent@cc.com
14,płyta braci Pierdolec,45500,45500,kamilboksa@cc.comstudent@cc.com
15,leki dla chorej córki,45500,45500,kamilboksa@cc.comstudent@cc.com
16,szczepionki dla ofiar owczej grypy w Kongo,45500,45500,kamilboksa@cc.comstudent@cc.com
17,draże kokosowe Korsarz,45500,45500,kamilboksa@cc.comstudent@cc.com
18,płyta braci Pierdolec,45500,45500,kamilboksa@cc.comstudent@cc.com
19,płyta braci Pierdolec,45500,45500,kamilboksa@cc.comstudent@cc.com
20,leki dla chorej córki,45500,45500,kamilboksa@cc.comstudent@cc.com
21,draże kokosowe Korsarz,45500,45500,kamilboksa@cc.comstudent@cc.com
